e 	 sjbkc 	 snlcsz 	 A Recherché doliprane
28 mai 2020 à 00:41:46 	 login@login 	 A Recherché thyrofix
28 mai 2020 à 00:41:55 	 Malade 	 A Recherché thyrofix
28 mai 2020 Ã  00:42:33 	 Login 	 Action
28 mai 2020 à 09:18:13 	 g@4 	 A Recherché thyrofix
28 mai 2020 à 14:16:18 	 test@crypt 	 A Recherché doli
28 mai 2020 à 15:13:58 	 Malade 	 A Recherché thyrofix
28 mai 2020 à 15:14:18 	 Malade 	 A Recherché paracetamol
28 mai 2020 à 15:14:41 	 Malade 	 A Recherché thyrofix
28 mai 2020 à 15:22:21 	 test@test 	 A Recherché trimebutin
28 mai 2020 à 15:22:49 	 test@test 	 A Recherché doliprane
28 mai 2020 à 15:23:12 	 test@test 	 A Recherché thyrofix
28 mai 2020 à 15:28:01 	 test@test 	 A Recherché doliprane
28 mai 2020 à 15:28:34 	 test@test 	 A Recherché doliprane
28 mai 2020 à 15:29:31 	 test@test 	 A Recherché thyrofix